Billy,O'Bryan,hustle,billy-o'bryan
Trip,Crowley,hustle,trip-crowley
Austin,Taylor,hustle,austin-taylor
Lukas,McClamrock,hustle,lukas-mcclamrock
Bradley,Seuntjens,hustle,bradley-seuntjens
Michael,Fairley,hustle,michael-fairley
Brett,Hulsmeyer,hustle,brett-hulsmeyer
Justin,Burnett,hustle,justin-burnett
Christian,Olsen,hustle,christian-olsen
Bobby,Ley,hustle,bobby-ley
Walter,Ellard,hustle,walter-ellard
Tyler,Randall,hustle,tyler-randall
Matt,Smith,hustle,matt-smith
Jakeem,Polk,hustle,jakeem-polk
Ryan,Flick,hustle,ryan-flick
Hayden,Austin-Knab,hustle,hayden-austin-knab
Adam,Miller,hustle,adam-miller
Jeremy,Langdon,hustle,jeremy-langdon
Franky,Fernandez,hustle,franky-fernandez
Karl,Ekwurtzel,hustle,karl-ekwurtzel
Bradley,Fleming,hustle,bradley-fleming
Dean,Ramsey,hustle,dean-ramsey
Mike,Kobyra,hustle,mike-kobyra
Jacob,Blackman,hustle,jacob-blackman
Eli,Motycka,hustle,eli-motycka
Andrew,Thai,hustle,andrew-thai
Cam,Copeland,hustle,cam-copeland
Aidan,Downey,hustle,aidan-downey
Trenton,Spinks,hustle,trenton-spinks
Tanner,Robinson,hustle,tanner-robinson
Tannon,Hedges,hustle,tannon-hedges
Michael,Johnson,hustle,michael-johnson
Brandon,Beers,hustle,brandon-beers
Will,Bianca,hustle,will-bianca
Mark,Evans,sol,mark-evans
Mark,Henke,sol,mark-henke
Reese,Bowman,sol,reese-bowman
Evan,Swiatek,sol,evan-swiatek
Eric,Brodbeck,sol,eric-brodbeck
Jake,Reinhardt,sol,jake-reinhardt
Jack,Dowling,sol,jack-dowling
Noah,Chambers,sol,noah-chambers
Jacob,Kaplan,sol,jacob-kaplan
Nick,Loughran,sol,nick-loughran
Elliott,Moore,sol,elliott-moore
Kyle,Henke,sol,kyle-henke
Jordan,Salazar,sol,jordan-salazar
Mick,Walter,sol,mick-walter
Brandon,Dial,sol,brandon-dial
Jackson,Potts,sol,jackson-potts
Jake,Radack,sol,jake-radack
Oliver,Fay,sol,oliver-fay
Joey,Wylie,sol,joey-wylie
Matthew,Armour,sol,matthew-armour
Mason,Zetsch,sol,mason-zetsch
Gavin,Babbitt,sol,gavin-babbitt
Jake,Worthington,sol,jake-worthington
Duncan,Fitzgerald,sol,duncan-fitzgerald
Joshua,Zdrodowski,sol,joshua-zdrodowski
Luke,Webb,glory,luke-webb
Ivan,Tran,glory,ivan-tran
Jay,Clark,glory,jay-clark
Benjamin,Sadok,glory,benjamin-sadok
Griffin,Yas,glory,griffin-yas
Elliott,Rosenberg,glory,elliott-rosenberg
Cole,Moore,glory,cole-moore
Turner,Allen,glory,turner-allen
Topher,Davis,glory,topher-davis
Simon,Carapella,glory,simon-carapella
Peter,Boerth,glory,peter-boerth
Luca,Harwood,glory,luca-harwood
Rocco,Linehan,glory,rocco-linehan
Jonah,Stang-Osborne,glory,jonah-stang-osborne
Oscar,Graff,glory,oscar-graff
Reed,Browning,glory,reed-browning
Jac,Carreiro,glory,jac-carreiro
Gabe,Colton,glory,gabe-colton
Cole,Davis-Brand,glory,cole-davis-brand
Zach,Singer,glory,zach-singer
Raymond,Malachi,glory,raymond-malachi
Nathanial,Dick,glory,nathanial-dick
Owen,Cordes,glory,owen-cordes
Brendan,McCann,glory,brendan-mccann
Gustav,Haflin,glory,gustav-haflin
Colin,Sunde,glory,colin-sunde
Tyler,Chan,glory,tyler-chan
Ryan,Flamberg,glory,ryan-flamberg
Roan,Dunkerley,glory,roan-dunkerley
Chris,Bartoli,glory,chris-bartoli
Jeff,Babbitt,glory,jeff-babbitt
Caelan,McSweeney,glory,caelan-mcsweeney
Tannor,Johnson-Go,glory,tannor-johnson-go
Jason,Tapper,glory,jason-tapper
Eliav,Malone,glory,eliav-malone
Matthew,Nightingale,flyers,matthew-nightingale
Tobias,Brooks,flyers,tobias-brooks
Sol,Yanuck,flyers,sol-yanuck
Henry,Fisher,flyers,henry-fisher
Seth,Weaver,flyers,seth-weaver
Dylan,Hawkins,flyers,dylan-hawkins
Grayson,Sanner,flyers,grayson-sanner
Terrence,Mitchell,flyers,terrence-mitchell
Matt,Tucker,flyers,matt-tucker
Ethan,Bloodworth,flyers,ethan-bloodworth
Allan,Laviolette,flyers,allan-laviolette
William,Coffin,flyers,william-coffin
Ramzi,Musleh,flyers,ramzi-musleh
Drew,Swanson,flyers,drew-swanson
Anders,Juengst,flyers,anders-juengst
Suraj,Madiraju,flyers,suraj-madiraju
Cooper,Williams,flyers,cooper-williams
Jacob,Fairfax,flyers,jacob-fairfax
Cam,Bellando,flyers,cam-bellando
Walker,Matthews,flyers,walker-matthews
Michael,Lee,flyers,michael-lee
John,Wellers,flyers,john-wellers
Daniel,Zhu,flyers,daniel-zhu
Ty,Naquin,flyers,ty-naquin
Christian,Belus,flyers,christian-belus
Alexander,Wilcox,flyers,alexander-wilcox
Marc,Rovner,flyers,marc-rovner
Dillon,Bruer,flyers,dillon-bruer
Elijah,Long,flyers,elijah-long
Clint,McSherry,flyers,clint-mcsherry
Andrew,Vande Berg,flyers,andrew-vande-berg
Trevor,Lynch,flyers,trevor-lynch
Ben,Snell,flyers,ben-snell
Jesse,Johnson,union,jesse-johnson
Gabe,Schoepke,union,gabe-schoepke
Ray,Mauntel,union,ray-mauntel
Henry,Goldenberg,union,henry-goldenberg
Joel,Willison,union,joel-willison
Jack,Shanahan,union,jack-shanahan
Ian,Falck,union,ian-falck
Nick,Pappas,union,nick-pappas
Wilson,Matthews,union,wilson-matthews
Nate,Astrom,union,nate-astrom
Reid,Martin,union,reid-martin
Sam,Kaminsky,union,sam-kaminsky
Raul,Rosenfeld,union,raul-rosenfeld
Dex,Dremann,union,dex-dremann
Jeff,Weis,union,jeff-weis
Cullen,Baker,union,cullen-baker
Cal,Tornabene,union,cal-tornabene
Joe,Cercello,union,joe-cercello
Milan,Rivas,union,milan-rivas
Jake,Steslicki,union,jake-steslicki
Yipeng,Wang,union,yipeng-wang
Sam,Gabrielson,union,sam-gabrielson
Benjamin,Preiss,union,benjamin-preiss
John,Lithio,union,john-lithio
Ben,Zhang,union,ben-zhang
Dylan,Power,union,dylan-power
Jake,Rubin-Miller,union,jake-rubin-miller
Jerry,Kelly,union,jerry-kelly
Joe,White,union,joe-white
Andrew,Sjogren,union,andrew-sjogren
Alex,Atkins,summit,alex-atkins
Zeke,Thoreson,summit,zeke-thoreson
Jay,Froude,summit,jay-froude
Atkin,Arnstein,summit,atkin-arnstein
Felix,Pronove,summit,felix-pronove
Logan,Pruess,summit,logan-pruess
Matt,Jackson,summit,matt-jackson
Jonathan,Nethercutt,summit,jonathan-nethercutt
Danny,Landesman,summit,danny-landesman
Sam,Goldstein,summit,sam-goldstein
Rodrigo,Gould Rodriguez,summit,rodrigo-gould-rodriguez
Seth,Faris,summit,seth-faris
Chance,Cochran,summit,chance-cochran
Saeed,Semrin,summit,saeed-semrin
Dennis,Bechis,summit,dennis-bechis
Charles,Cannon,summit,charles-cannon
Thomas,Brewster,summit,thomas-brewster
Connor,Olson,summit,connor-olson
Mathieu,Agee,summit,mathieu-agee
Tyler,Nguyen,summit,tyler-nguyen
David,Yu,summit,david-yu
Sandford,Brown,summit,sandford-brown
Sten,Larson,summit,sten-larson
Kai,Marshall,summit,kai-marshall
Cody,Johnston,summit,cody-johnston
Chris,Ward,summit,chris-ward
Nanda,Min-Fink,summit,nanda-min-fink
Nicholas,Snuszka,summit,nicholas-snuszka
Noah,Coolman,summit,noah-coolman
Erik,Hotaling,summit,erik-hotaling
Aylen,Learned,summit,aylen-learned
Jeremy,Knopf,summit,jeremy-knopf
Nathan,Buchholz,summit,nathan-buchholz
Quinn,Finer,summit,quinn-finer
Alex,Tatum,summit,alex-tatum
Jake,Floyd,legion,jake-floyd
Carson,Wilder,legion,carson-wilder
Myles,Armstrong,legion,myles-armstrong
Alec,Wilson Holliday,legion,alec-wilson-holliday
Emmanuel,Bilolo,legion,emmanuel-bilolo
Zachary,Wenner,legion,zachary-wenner
Cameron,Guidry,legion,cameron-guidry
Jason,Hustad,legion,jason-hustad
Brian,Street,legion,brian-street
Daniel,Welkener,legion,daniel-welkener
Connor,DeLuna,legion,connor-deluna
Nathaniel,Austin,legion,nathaniel-austin
Luke,Norby,legion,luke-norby
Eric,Carter,legion,eric-carter
Daniel,Winter,legion,daniel-winter
Tommy,Trompeter,legion,tommy-trompeter
Joseph,Welkener,legion,joseph-welkener
Drew,Laird,legion,drew-laird
Darren,Phillips,legion,darren-phillips
Watson,Anderson,legion,watson-anderson
John,Shelley,legion,john-shelley
Max,Hamilton,legion,max-hamilton
Samuel,Roberts,legion,samuel-roberts
Ben,Rogers,legion,ben-rogers
Nicholas,DiGiorgio,legion,nicholas-digiorgio
Jack,Wooldridge,legion,jack-wooldridge
Tanner,Roberts,legion,tanner-roberts
Ben,Price,legion,ben-price
Xavier,Schafer,breeze,xavier-schafer
Isaac,Lee,breeze,isaac-lee
Charlie,McCutcheon,breeze,charlie-mccutcheon
AJ,Merriman,breeze,aj-merriman
Zachary,Burpee,breeze,zachary-burpee
Tyler,Monroe,breeze,tyler-monroe
Thomas,Edmonds,breeze,thomas-edmonds
Zach,Norrbom,breeze,zach-norrbom
Luke,Rehfuss,breeze,luke-rehfuss
Rowan,McDonnell,breeze,rowan-mcdonnell
Cole,Jurek,breeze,cole-jurek
William,Tober,breeze,william-tober
Kevin,Healey,breeze,kevin-healey
Brandon,Lamberty,breeze,brandon-lamberty
Rhys,Bergeron,breeze,rhys-bergeron
Elliot,Bonnet,breeze,elliot-bonnet
Jacques,Nissen,breeze,jacques-nissen
Rami,Paust,breeze,rami-paust
David,Bloodgood,breeze,david-bloodgood
Andrew,Roy,breeze,andrew-roy
Mitchell,Blaha,breeze,mitchell-blaha
Miles,Grovic,breeze,miles-grovic
Tanner,Gesell,breeze,tanner-gesell
Jeff,Wodatch,breeze,jeff-wodatch
Gus,Norrbom,breeze,gus-norrbom
Ryan,Weaver,breeze,ryan-weaver
Jonny,Malks,breeze,jonny-malks
Jasper,Tom,breeze,jasper-tom
Frederick,Farah,breeze,frederick-farah
Jace,Dean,breeze,jace-dean
Nathan,Ploeger,mechanix,nathan-ploeger
Gregory,Moreno,mechanix,gregory-moreno
Aaron,Richards,mechanix,aaron-richards
Justin,Wollin,mechanix,justin-wollin
Carson,Chamberlain,mechanix,carson-chamberlain
James,Kloss,mechanix,james-kloss
Jake,Felton,mechanix,jake-felton
Nic,Lanas,mechanix,nic-lanas
Marco,Dewey,mechanix,marco-dewey
Brendan,Gessner,mechanix,brendan-gessner
Richard,Ware,mechanix,richard-ware
Bradley,Kennis,mechanix,bradley-kennis
Elliot,Davis,mechanix,elliot-davis
Terry,Gaither,mechanix,terry-gaither
Aiden,Rudy,mechanix,aiden-rudy
Stephen,Grondin,mechanix,stephen-grondin
Conrad,Nguyen,mechanix,conrad-nguyen
Matthew,Bell,mechanix,matthew-bell
Colin,Beauregard,mechanix,colin-beauregard
Noah,Sawyer,mechanix,noah-sawyer
Max,Grove,havoc,max-grove
Brendan,Keith,havoc,brendan-keith
Matt,Bennett,havoc,matt-bennett
Xavier,Daniel,havoc,xavier-daniel
Corey,Tolbert,havoc,corey-tolbert
Marshall,Dinges,havoc,marshall-dinges
Ben,Lewis,havoc,ben-lewis
Cam,Albin,havoc,cam-albin
Brendan,Adams,havoc,brendan-adams
Connor,Ughetta,havoc,connor-ughetta
Kyle,Kolafa,havoc,kyle-kolafa
Caiden,Burt,havoc,caiden-burt
Dylan,Zeringue,havoc,dylan-zeringue
Steven,Kelly,havoc,steven-kelly
Kevin,Land,havoc,kevin-land
Brian,Gfroerer,havoc,brian-gfroerer
Zachary,Cotter,havoc,zachary-cotter
Francisco,Gomez,havoc,francisco-gomez
Jimmy,Zuraw,havoc,jimmy-zuraw
Shaun,Seidenberger,havoc,shaun-seidenberger
Toya,Chukwumerije,havoc,toya-chukwumerije
Mark,Baldauf,havoc,mark-baldauf
Elliot,Sakach,havoc,elliot-sakach
Garrett,Wilson,havoc,garrett-wilson
Brandon,Lin,havoc,brandon-lin
Mitch,Lutz,havoc,mitch-lutz
Bryan,Downey,havoc,bryan-downey
Gregory,Plaia Jr.,havoc,gregory-plaia-jr.
Ethan,Niedzwiedz,havoc,ethan-niedzwiedz
Matt,Lyle,havoc,matt-lyle
Dane,Bossert,havoc,dane-bossert
Conner,Blalack,alleycats,conner-blalack
Rick,Gross,alleycats,rick-gross
Cameron,Brock,alleycats,cameron-brock
Jeremiah,Branson,alleycats,jeremiah-branson
Sam,Good,alleycats,sam-good
Levi,Jacobs,alleycats,levi-jacobs
Lucas,Coniaris,alleycats,lucas-coniaris
William,Wettengel,alleycats,william-wettengel
Jason,Kempe,alleycats,jason-kempe
Jake,Kenniv,alleycats,jake-kenniv
Seth,Gudeman,alleycats,seth-gudeman
Cody,Curran,alleycats,cody-curran
Drew,Happe,alleycats,drew-happe
Nick,Hutton,alleycats,nick-hutton
Xavier,Payne,alleycats,xavier-payne
Jack,Havey,alleycats,jack-havey
Collin,Rassel,alleycats,collin-rassel
Tanner,Graham,alleycats,tanner-graham
Joey,Cari,alleycats,joey-cari
Travis,Carpenter,alleycats,travis-carpenter
Elliot,Hawkins,alleycats,elliot-hawkins
Ben,Close,alleycats,ben-close
Ben,Landry,alleycats,ben-landry
Joel,Close,alleycats,joel-close
John,Jones,alleycats,john-jones
Robby,Davenport,alleycats,robby-davenport
Michael,Kiyoi,aviators,michael-kiyoi
Brent,George,aviators,brent-george
Landon,Shank,aviators,landon-shank
Isaac,Hsu,aviators,isaac-hsu
Isamu,Kawaguchi,aviators,isamu-kawaguchi
Andrew,Padula,aviators,andrew-padula
Sean,McDougall,aviators,sean-mcdougall
Cy,Toriello,aviators,cy-toriello
Mitchell,Steiner,aviators,mitchell-steiner
Leo,Decter,aviators,leo-decter
Will,Turner,aviators,will-turner
Steven,Moliterno,aviators,steven-moliterno
Kevin,Goldberg,aviators,kevin-goldberg
Jason,Lee,aviators,jason-lee
Zac,Schakner,aviators,zac-schakner
Everest,Shapiro,aviators,everest-shapiro
Daniel,Brunker,aviators,daniel-brunker
Kobi,McCracken,aviators,kobi-mccracken
Sam,Cook,aviators,sam-cook
Eddie,Finley,aviators,eddie-finley
Mateo,Dominguez,aviators,mateo-dominguez
Pawel,Janas,aviators,pawel-janas
Garrett,Santi,aviators,garrett-santi
Rhys,Gretsch,aviators,rhys-gretsch
James,Franklin,aviators,james-franklin
Milan,Ravenell,aviators,milan-ravenell
Tomas,Fong,aviators,tomas-fong
Bryan,Nguyen,aviators,bryan-nguyen
Brandon,Van Deusen,aviators,brandon-van-deusen
Andrew,Meshnick,radicals,andrew-meshnick
Jake,Carrico,radicals,jake-carrico
Brian,Hart,radicals,brian-hart
Anthony,Gutowsky,radicals,anthony-gutowsky
Charlie,Benforado,radicals,charlie-benforado
Joshua,Wilson,radicals,joshua-wilson
Victor,Luo,radicals,victor-luo
David,Nester,radicals,david-nester
Jacob,Wham,radicals,jacob-wham
Tyler,Williams,radicals,tyler-williams
Alex,Gravatt,radicals,alex-gravatt
Sterling,Knoche,radicals,sterling-knoche
Nico,Ranabhat,radicals,nico-ranabhat
Avery,Johnson,radicals,avery-johnson
Mac,Weber,radicals,mac-weber
Shane,Otis,radicals,shane-otis
Noah,Nicol,radicals,noah-nicol
Jack,Nelson,radicals,jack-nelson
Daniel,Garlock,radicals,daniel-garlock
Val,Post,radicals,val-post
Biz,Schlaefer,radicals,biz-schlaefer
Pat,Shriwise,radicals,pat-shriwise
Max,Sample,radicals,max-sample
John,Tan,radicals,john-tan
Matt,Grinde,radicals,matt-grinde
Kelsen,Alexander,radicals,kelsen-alexander
Mitchell,McCarthy,radicals,mitchell-mccarthy
Joe,Leibforth,radicals,joe-leibforth
Ted,Schewe,radicals,ted-schewe
Luke,Marks,radicals,luke-marks
Jack,Kelly,radicals,jack-kelly
Kevin,Pettit-Scantling,radicals,kevin-pettit-scantling
Gabe,Vordick,radicals,gabe-vordick
Pieran,Robert,radicals,pieran-robert
Sam,Stark,radicals,sam-stark
Kai,Marcus,radicals,kai-marcus
Bret,Bergmeier,windchill,bret-bergmeier
William,Brandt,windchill,william-brandt
Bryan,Vohnoutka,windchill,bryan-vohnoutka
Noah,Hanson,windchill,noah-hanson
Jordan,Taylor,windchill,jordan-taylor
Kristian,Johnson,windchill,kristian-johnson
Tyler,Thomegreene,windchill,tyler-thomegreene
Ian,McCosky,windchill,ian-mccosky
Sebastian,Brauer,windchill,sebastian-brauer
Michael,Jordan,windchill,michael-jordan
Will,Casperson,windchill,will-casperson
Colin,Berry,windchill,colin-berry
Tanner,Barcus,windchill,tanner-barcus
Michael,Petersen,windchill,michael-petersen
Gordon,Larson,windchill,gordon-larson
Sam,Berglund,windchill,sam-berglund
Paul,Krenik,windchill,paul-krenik
Thomas,Shope,windchill,thomas-shope
Matej,Petrovic,windchill,matej-petrovic
Cameron,Lacy,windchill,cameron-lacy
Josh,Klane,windchill,josh-klane
Leo,Sovell-Fernandez,windchill,leo-sovell-fernandez
Matthew,Rehder,windchill,matthew-rehder
Greg,Cousins,windchill,greg-cousins
Matthew,Johnson,windchill,matthew-johnson
James,Kittlesen,windchill,james-kittlesen
Anthony,Jirele,windchill,anthony-jirele
Mickey,Walsh,windchill,mickey-walsh
Dylan,DeClerck,windchill,dylan-declerck
Brandon,Matis,windchill,brandon-matis
Quinn,Snider,windchill,quinn-snider
Tristan,Van de Moortele,windchill,tristan-van-de-moortele
Paul,Hooley,royal,paul-hooley
Julien,Sénéchal,royal,julien-sénéchal
William,St-Pierre,royal,william-st-pierre
Charles,Guay,royal,charles-guay
Sam,Warrick,royal,sam-warrick
Raphael,Salvas,royal,raphael-salvas
Felix,Leonard,royal,felix-leonard
Julien,Bernat,royal,julien-bernat
Ywan,Cohonner,royal,ywan-cohonner
Raphaël,Lalonde-Landry,royal,raphaël-lalonde-landry
Thomas,Lalonde-Landry,royal,thomas-lalonde-landry
Antoine,Dubé,royal,antoine-dubé
Jacob,Duquette,royal,jacob-duquette
Phillipe,Le Bourdais,royal,phillipe-le-bourdais
Tobe,Decraene,royal,tobe-decraene
Calvin,Coulbury,royal,calvin-coulbury
Antoine,Rousseau,royal,antoine-rousseau
Christophe,Tremblay-Joncas,royal,christophe-tremblay-joncas
Quentin,Bonnaud,royal,quentin-bonnaud
Jean-Levy,Champagne,royal,jean-levy-champagne
Liam,McKeown,royal,liam-mckeown
Melvyn,Brichet,royal,melvyn-brichet
Kevin,Groulx,royal,kevin-groulx
Kevin,Quinlan,royal,kevin-quinlan
Dylan,Lacombe-Burgoyne,royal,dylan-lacombe-burgoyne
Jakob,Brissette,royal,jakob-brissette
Ryan,Osgar,empire,ryan-osgar
Oscar,Kohut,empire,oscar-kohut
Josue,Alorro,empire,josue-alorro
Ben,Jagt,empire,ben-jagt
Charles,Weinberg,empire,charles-weinberg
Ethan,Fortin,empire,ethan-fortin
Solomon,Rueschemeyer-Bailey,empire,solomon-rueschemeyer-bailey
Elliott,Chartock,empire,elliott-chartock
Jack,Williams,empire,jack-williams
Jeff,Holm,empire,jeff-holm
Oliver,Chartock,empire,oliver-chartock
Mike,Drost,empire,mike-drost
Axel,Agami,empire,axel-agami
Matt,LaBar,empire,matt-labar
Shashank,Alladi,empire,shashank-alladi
John,Randolph,empire,john-randolph
Bretton,Tan,empire,bretton-tan
Ryan,Drost,empire,ryan-drost
Antoine,Davis,empire,antoine-davis
Marques,Brownlee,empire,marques-brownlee
Matthias,Ling,empire,matthias-ling
Gavin,May,spiders,gavin-may
Rafael,Castro,spiders,rafael-castro
Robin,Vickers Batzdorf,spiders,robin-vickers-batzdorf
Walker,Frankenberg,spiders,walker-frankenberg
Dylan,Nice,spiders,dylan-nice
Payton,Laurie,spiders,payton-laurie
Robert,Yeagle,spiders,robert-yeagle
Justin,Lim,spiders,justin-lim
Jace,Bruner,spiders,jace-bruner
Daniel,Ritthaler,spiders,daniel-ritthaler
Sawyer,Thompson,spiders,sawyer-thompson
Ridge,Huang,spiders,ridge-huang
Chris,Lung,spiders,chris-lung
Jake,Thorne,spiders,jake-thorne
Matthew,Burke,spiders,matthew-burke
Victor,Zhou,spiders,victor-zhou
Morgan,Sommer,spiders,morgan-sommer
Raekwon,Adkins,spiders,raekwon-adkins
Evan,Magsig,spiders,evan-magsig
Aaron,Rosenthal,spiders,aaron-rosenthal
Stephen,Dolan,spiders,stephen-dolan
Dexter,Clyburn,spiders,dexter-clyburn
Conor,Bauman,spiders,conor-bauman
Keenan,Laurence,spiders,keenan-laurence
Max,Williams,spiders,max-williams
Eli,Kerns,spiders,eli-kerns
Wyatt,Berreman,spiders,wyatt-berreman
Dylan,Burns,spiders,dylan-burns
Sam,Kapalapa,spiders,sam-kapalapa
Christopher,Zaleski,phoenix,christopher-zaleski
Brandon,Pastor,phoenix,brandon-pastor
Greg,Martin,phoenix,greg-martin
Mike,Campanella,phoenix,mike-campanella
Max,Trifillis,phoenix,max-trifillis
Tyler,DeGirolamo,phoenix,tyler-degirolamo
Nate,Long,phoenix,nate-long
Anthony,Prato,phoenix,anthony-prato
Dmitry,Suvorov,phoenix,dmitry-suvorov
Eric,Witmer,phoenix,eric-witmer
Mark,Philipson,phoenix,mark-philipson
Trevor,Griesman,phoenix,trevor-griesman
James,Pollard,phoenix,james-pollard
Gavin,Abrahamsson,phoenix,gavin-abrahamsson
Alex,Thorne,phoenix,alex-thorne
Jordan,Rhyne,phoenix,jordan-rhyne
Allan,Michel,phoenix,allan-michel
Nate,Little,phoenix,nate-little
Justin,Keller,phoenix,justin-keller
Leo,Warren,phoenix,leo-warren
David,Perry,phoenix,david-perry
Calvin,Trisolini,phoenix,calvin-trisolini
Ian,Dietrich,phoenix,ian-dietrich
Ethan,Holmgren,phoenix,ethan-holmgren
Matt,Hanna,phoenix,matt-hanna
Scott,Heyman,phoenix,scott-heyman
Sean,Mott,phoenix,sean-mott
Paul,Owens,phoenix,paul-owens
Andres,Rodriguez,phoenix,andres-rodriguez
Eric,Nardelli,phoenix,eric-nardelli
Reid,Duncan,thunderbirds,reid-duncan
Max,Sheppard,thunderbirds,max-sheppard
Jonathan,Mast,thunderbirds,jonathan-mast
John,McMonigal,thunderbirds,john-mcmonigal
Noah,Celuch,thunderbirds,noah-celuch
Anson,Reppermund,thunderbirds,anson-reppermund
Thomas,Hansen,thunderbirds,thomas-hansen
Andrew,Thompson,thunderbirds,andrew-thompson
Joe,Molder,thunderbirds,joe-molder
Robin,Maillard,thunderbirds,robin-maillard
Zac,Byrnes,thunderbirds,zac-byrnes
Charlie,Vukovic,thunderbirds,charlie-vukovic
Kenny,Furdella,thunderbirds,kenny-furdella
Tyler,McCarthy,thunderbirds,tyler-mccarthy
Logan,Call,thunderbirds,logan-call
Anil,Driehuys,thunderbirds,anil-driehuys
Pete,Zaccardi,thunderbirds,pete-zaccardi
Malachi,Marshall,thunderbirds,malachi-marshall
Chris,Graber,thunderbirds,chris-graber
Will,Hoffenkamp,thunderbirds,will-hoffenkamp
Connor,Newell,thunderbirds,connor-newell
Ryan,Kindell,thunderbirds,ryan-kindell
David,Braden,thunderbirds,david-braden
Benjamin,Attal,thunderbirds,benjamin-attal
Mahith,Edula,thunderbirds,mahith-edula
Kevin,Nicholl,thunderbirds,kevin-nicholl
Marcel,Oliart,thunderbirds,marcel-oliart
Jimmy,Towle,thunderbirds,jimmy-towle
Dan,Nichols,thunderbirds,dan-nichols
Alex,Mullen,thunderbirds,alex-mullen
Michael,Dillard,thunderbirds,michael-dillard
Carl,Johnson,thunderbirds,carl-johnson
Matt,Viscido,thunderbirds,matt-viscido
Max,Devine,thunderbirds,max-devine
Avi,Taylor,nitro,avi-taylor
Ben,Thoennes,nitro,ben-thoennes
David,Barram,nitro,david-barram
Scott,Radlauer,nitro,scott-radlauer
Felix,Moren,nitro,felix-moren
Conner,Stillwell,nitro,conner-stillwell
Cole,Eustis,nitro,cole-eustis
Kaenan,Combs,nitro,kaenan-combs
Quinn,Buermeyer,nitro,quinn-buermeyer
Jon,Snyder,nitro,jon-snyder
Josh,Moore,nitro,josh-moore
Duncan,McNally,nitro,duncan-mcnally
Nate,Knutson,nitro,nate-knutson
Emmett,Warner,nitro,emmett-warner
Landon,Lavoie,nitro,landon-lavoie
Julian,Saunt,nitro,julian-saunt
Antonio,Rueda,nitro,antonio-rueda
Henry,Wayte,nitro,henry-wayte
Bram,Allahdadi,nitro,bram-allahdadi
Dan,Baumgartner,nitro,dan-baumgartner
Nick,Redmond,nitro,nick-redmond
Spencer,Latarski,nitro,spencer-latarski
Zach,Heiden,nitro,zach-heiden
Patrick,Buermeyer,nitro,patrick-buermeyer
Caleb,Campbell,nitro,caleb-campbell
Lucas,Henry,nitro,lucas-henry
Jacob,Miller,shred,jacob-miller
Nathan,Huff,shred,nathan-huff
Luke,Yorgason,shred,luke-yorgason
Oscar,Brown,shred,oscar-brown
Devon,Terry,shred,devon-terry
Trey,Taylor,shred,trey-taylor
Chad,Yorgason,shred,chad-yorgason
Sean,Connole,shred,sean-connole
Will,Selfridge,shred,will-selfridge
Ben,Field,shred,ben-field
McKay,Yorgason,shred,mckay-yorgason
Sean,McDonald,shred,sean-mcdonald
Ben,Ashton,shred,ben-ashton
Justin,Mecham,shred,justin-mecham
Zach,Burnside,shred,zach-burnside
Porter,Oyler,shred,porter-oyler
Matt,Russnogle,shred,matt-russnogle
Zach,Wolfe,shred,zach-wolfe
Jacob,Jahnke,shred,jacob-jahnke
Jace,Duennebeil,shred,jace-duennebeil
Tony,Mounga,shred,tony-mounga
Jonny,Hoffman,shred,jonny-hoffman
Alex,Forsberg,shred,alex-forsberg
Grant,Lindsley,shred,grant-lindsley
Matt,Jamison,shred,matt-jamison
Kyle,Weinberg,shred,kyle-weinberg
Chase,Smith,shred,chase-smith
Joe,Merrill,shred,joe-merrill
Elijah,Jaime,shred,elijah-jaime
Jason,McKeen,shred,jason-mckeen
Jordan,Kerr,shred,jordan-kerr
Eugene,L'Heureux,shred,eugene-l'heureux
Taylor,Barton,shred,taylor-barton
Grayson,Rettburg,shred,grayson-rettburg
Matt,Miller,growlers,matt-miller
Bryce,Lozinski,growlers,bryce-lozinski
Aaron,Coble,growlers,aaron-coble
Maxwell,Hume,growlers,maxwell-hume
Matt,Nelson,growlers,matt-nelson
Peter,Lenz,growlers,peter-lenz
Reggie,Sung,growlers,reggie-sung
Ethan,Li,growlers,ethan-li
Tynan,Sander,growlers,tynan-sander
Thomas,Konogeris,growlers,thomas-konogeris
Kyle,Rubin,growlers,kyle-rubin
Marshall,Crawford,growlers,marshall-crawford
Michael,Tran,growlers,michael-tran
Daniel,Pryke,growlers,daniel-pryke
Krishna,Gomatam,growlers,krishna-gomatam
Casey,Wu,growlers,casey-wu
Jan,Szmanda,growlers,jan-szmanda
Jordan,Queckboerner,growlers,jordan-queckboerner
Ben,Levinsky,growlers,ben-levinsky
Oliver,Artus,growlers,oliver-artus
Stefan,Samu,growlers,stefan-samu
Taylor,Gilman,growlers,taylor-gilman
Elijah,Salmon,growlers,elijah-salmon
Jimmy,McGuinness,growlers,jimmy-mcguinness
Travis,Dunn,growlers,travis-dunn
Caden,Sigerud,growlers,caden-sigerud
Garrett,Hable,growlers,garrett-hable
Casey,Shugarman,growlers,casey-shugarman
Max,Gibson,growlers,max-gibson
Zeppelin,Raunig,cascades,zeppelin-raunig
Tony,Goss,cascades,tony-goss
Lukas,Ambrose,cascades,lukas-ambrose
Willie,Saxen,cascades,willie-saxen
Jordan,Smith,cascades,jordan-smith
Spencer,Lofink,cascades,spencer-lofink
Christian,Foster,cascades,christian-foster
Marc,Munoz,cascades,marc-munoz
Garrett,Martin,cascades,garrett-martin
Jake,Shoyer,cascades,jake-shoyer
Chris,Roach,cascades,chris-roach
Tommy,Li,cascades,tommy-li
Jack,Brown,cascades,jack-brown
Derek,Mourad,cascades,derek-mourad
Jasper,Dean,cascades,jasper-dean
Mason,Stone,cascades,mason-stone
Emmet,Shipway,cascades,emmet-shipway
Kenny,Lane III,cascades,kenny-lane-iii
Tommy,Lin,cascades,tommy-lin
Michael,Buyco,cascades,michael-buyco
Cedar,Hines,cascades,cedar-hines
Ian,Sweeney,cascades,ian-sweeney
Steve,Mogielski,cascades,steve-mogielski
Ben,Bolan,cascades,ben-bolan
Kamal,Raslan,cascades,kamal-raslan
Phillip,Korolog,cascades,phillip-korolog
Jeremy,Norden,cascades,jeremy-norden
Ray,Ye,cascades,ray-ye
Gavin,Leahy,cascades,gavin-leahy
Soren,Dahl,cascades,soren-dahl
Dominic,Jacobs,cascades,dominic-jacobs
Louie,Bertoncin,cascades,louie-bertoncin
Dominic,Chiodi,cascades,dominic-chiodi
Brandon,Li,cascades,brandon-li
Shane,Worthington,cascades,shane-worthington
Khalif,El-Salaam,cascades,khalif-el-salaam
Brandon,Adibe,rush,brandon-adibe
Akifumi,Muraoka,rush,akifumi-muraoka
Kevin,Jay,rush,kevin-jay
Matthew,Lam,rush,matthew-lam
Oscar,Stonehouse,rush,oscar-stonehouse
Nathan,Hsieh,rush,nathan-hsieh
Jackson,McKee,rush,jackson-mckee
Justin,Luo,rush,justin-luo
Zachary,Armstrong,rush,zachary-armstrong
Kevin,Tong,rush,kevin-tong
Luc,Comire,rush,luc-comire
Rui,Carvalho,rush,rui-carvalho
Ryan,Poloz,rush,ryan-poloz
Martin,Shiu,rush,martin-shiu
Dax,Miller,rush,dax-miller
Oren,Binnun,rush,oren-binnun
Daniel,Wong,rush,daniel-wong
Travis,Puckrin,rush,travis-puckrin
Kelvin,Huang,rush,kelvin-huang
Owen,Robinson,rush,owen-robinson
Jamie,Millage,rush,jamie-millage
Phil,Turner,rush,phil-turner
Keith,McRae,rush,keith-mcrae
Logan,Dufour,rush,logan-dufour
Adam,O'Donnell,rush,adam-o'donnell
Ben,Klar,rush,ben-klar
Araav,Sehgal,rush,araav-sehgal
Cameron,Kennedy,rush,cameron-kennedy
Will,Turner,rush,will-turner
James,McClean,rush,james-mcclean
Chris,Chan,rush,chris-chan
Adam,Turcotte,rush,adam-turcotte
Griffin,McKee,rush,griffin-mckee
